Id,Prediction
ISIC_0028963.jpg,5
ISIC_0028197.jpg,1
ISIC_0028464.jpg,5
ISIC_0028002.jpg,5
ISIC_0024568.jpg,5
ISIC_0032208.jpg,5
ISIC_0024369.jpg,5
ISIC_0027657.jpg,5
ISIC_0025616.jpg,4
ISIC_0032445.jpg,2
ISIC_0029370.jpg,4
ISIC_0032240.jpg,6
ISIC_0033361.jpg,4
ISIC_0029588.jpg,2
ISIC_0032771.jpg,5
ISIC_0024931.jpg,1
ISIC_0025055.jpg,5
ISIC_0030710.jpg,5
ISIC_0026674.jpg,5
ISIC_0026778.jpg,5
ISIC_0032967.jpg,2
ISIC_0034092.jpg,4
ISIC_0031480.jpg,5
ISIC_0031058.jpg,5
ISIC_0032281.jpg,5
ISIC_0029898.jpg,5
ISIC_0027568.jpg,0
ISIC_0028406.jpg,6
ISIC_0028848.jpg,5
ISIC_0034233.jpg,4
ISIC_0025808.jpg,0
ISIC_0031594.jpg,2
ISIC_0031018.jpg,5
ISIC_0033566.jpg,5
ISIC_0027975.jpg,5
ISIC_0024372.jpg,0
ISIC_0028790.jpg,4
ISIC_0031994.jpg,5
ISIC_0033244.jpg,5
ISIC_0026079.jpg,5
ISIC_0033048.jpg,5
ISIC_0033129.jpg,4
ISIC_0024448.jpg,1
ISIC_0030987.jpg,5
ISIC_0034187.jpg,5
ISIC_0024747.jpg,6
ISIC_0027957.jpg,5
ISIC_0033225.jpg,5
ISIC_0031713.jpg,5
ISIC_0031597.jpg,2
ISIC_0028763.jpg,0
ISIC_0025558.jpg,5
ISIC_0026629.jpg,5
ISIC_0031522.jpg,2
ISIC_0031989.jpg,0
ISIC_0026213.jpg,1
ISIC_0027020.jpg,5
ISIC_0028792.jpg,2
ISIC_0030537.jpg,5
ISIC_0026137.jpg,5
ISIC_0026941.jpg,2
ISIC_0031346.jpg,6
ISIC_0033549.jpg,5
ISIC_0025973.jpg,2
ISIC_0031072.jpg,5
ISIC_0032319.jpg,5
ISIC_0031936.jpg,5
ISIC_0034000.jpg,4
ISIC_0032695.jpg,4
ISIC_0029373.jpg,5
ISIC_0032560.jpg,4
ISIC_0026837.jpg,5
ISIC_0028611.jpg,1
ISIC_0026900.jpg,5
ISIC_0028185.jpg,5
ISIC_0028750.jpg,4
ISIC_0031502.jpg,4
ISIC_0033872.jpg,4
ISIC_0030098.jpg,5
ISIC_0029172.jpg,4
ISIC_0031178.jpg,5
ISIC_0029775.jpg,5
ISIC_0032960.jpg,4
ISIC_0026579.jpg,5
ISIC_0028462.jpg,5
ISIC_0029841.jpg,2
ISIC_0029544.jpg,2
ISIC_0032926.jpg,5
ISIC_0028384.jpg,2
ISIC_0026472.jpg,5
ISIC_0024874.jpg,5
ISIC_0026308.jpg,5
ISIC_0032493.jpg,5
ISIC_0033595.jpg,4
ISIC_0027364.jpg,5
ISIC_0027622.jpg,4
ISIC_0028367.jpg,5
ISIC_0031096.jpg,5
ISIC_0028981.jpg,4
ISIC_0025313.jpg,5
ISIC_0026230.jpg,4
ISIC_0032528.jpg,5
ISIC_0026799.jpg,5
ISIC_0030803.jpg,1
ISIC_0027930.jpg,5
ISIC_0030075.jpg,5
ISIC_0029646.jpg,5
ISIC_0027864.jpg,5
ISIC_0026432.jpg,5
ISIC_0026737.jpg,2
ISIC_0030647.jpg,5
ISIC_0033515.jpg,5
ISIC_0025080.jpg,5
ISIC_0025429.jpg,5
ISIC_0030389.jpg,5
ISIC_0026550.jpg,5
ISIC_0033049.jpg,5
ISIC_0024828.jpg,5
ISIC_0027178.jpg,2
ISIC_0026548.jpg,5
ISIC_0027828.jpg,5
ISIC_0028618.jpg,5
ISIC_0028923.jpg,5
ISIC_0031792.jpg,5
ISIC_0029221.jpg,2
ISIC_0033448.jpg,5
ISIC_0033287.jpg,5
ISIC_0033501.jpg,5
ISIC_0029296.jpg,5
ISIC_0030033.jpg,5
ISIC_0027644.jpg,5
ISIC_0031163.jpg,5
ISIC_0032252.jpg,5
ISIC_0024925.jpg,1
ISIC_0030414.jpg,5
ISIC_0024684.jpg,5
ISIC_0031401.jpg,4
ISIC_0031027.jpg,5
ISIC_0031193.jpg,5
ISIC_0027630.jpg,5
ISIC_0027608.jpg,2
ISIC_0031635.jpg,5
ISIC_0033307.jpg,2
ISIC_0029706.jpg,5
ISIC_0030907.jpg,5
ISIC_0028389.jpg,2
ISIC_0034137.jpg,5
ISIC_0027522.jpg,6
ISIC_0033008.jpg,5
ISIC_0024357.jpg,2
ISIC_0028433.jpg,5
ISIC_0024980.jpg,5
ISIC_0026752.jpg,5
ISIC_0028253.jpg,5
ISIC_0027204.jpg,2
ISIC_0032489.jpg,0
ISIC_0026277.jpg,2
ISIC_0029716.jpg,5
ISIC_0029598.jpg,1
ISIC_0029867.jpg,5
ISIC_0027688.jpg,5
ISIC_0033502.jpg,5
ISIC_0032701.jpg,4
ISIC_0032899.jpg,5
ISIC_0031030.jpg,5
ISIC_0029970.jpg,5
ISIC_0032711.jpg,5
ISIC_0030490.jpg,5
ISIC_0031735.jpg,0
ISIC_0025084.jpg,5
ISIC_0033444.jpg,5
ISIC_0026131.jpg,4
ISIC_0033367.jpg,5
ISIC_0025562.jpg,2
ISIC_0025325.jpg,5
ISIC_0027118.jpg,5
ISIC_0034255.jpg,1
ISIC_0027416.jpg,5
ISIC_0026449.jpg,5
ISIC_0033720.jpg,1
ISIC_0028329.jpg,1
ISIC_0027920.jpg,1
ISIC_0032135.jpg,2
ISIC_0030092.jpg,5
ISIC_0032955.jpg,5
ISIC_0026069.jpg,2
ISIC_0031851.jpg,4
ISIC_0027107.jpg,0
ISIC_0031131.jpg,2
ISIC_0030464.jpg,5
ISIC_0032401.jpg,5
ISIC_0024622.jpg,5
ISIC_0027701.jpg,5
ISIC_0028373.jpg,4
ISIC_0031813.jpg,5
ISIC_0030609.jpg,5
ISIC_0027265.jpg,5
ISIC_0030797.jpg,5
ISIC_0027134.jpg,5
ISIC_0034177.jpg,5
ISIC_0030105.jpg,4
ISIC_0027340.jpg,5
ISIC_0026198.jpg,5
ISIC_0026394.jpg,5
ISIC_0031411.jpg,5
ISIC_0024505.jpg,4
ISIC_0029989.jpg,5
ISIC_0032682.jpg,5
ISIC_0028767.jpg,1
ISIC_0028021.jpg,5
ISIC_0032416.jpg,5
ISIC_0025595.jpg,5
ISIC_0030316.jpg,2
ISIC_0030593.jpg,5
ISIC_0032302.jpg,1
ISIC_0029553.jpg,5
ISIC_0025058.jpg,5
ISIC_0027859.jpg,0
ISIC_0027514.jpg,5
ISIC_0034070.jpg,4
ISIC_0024722.jpg,5
ISIC_0034125.jpg,4
ISIC_0025734.jpg,5
ISIC_0030922.jpg,5
ISIC_0031410.jpg,4
ISIC_0027023.jpg,2
ISIC_0033212.jpg,2
ISIC_0027987.jpg,5
ISIC_0025122.jpg,5
ISIC_0034008.jpg,5
ISIC_0026154.jpg,1
ISIC_0033119.jpg,5
ISIC_0028985.jpg,5
ISIC_0029816.jpg,5
ISIC_0027969.jpg,2
ISIC_0031606.jpg,5
ISIC_0032389.jpg,4
ISIC_0026222.jpg,5
ISIC_0033705.jpg,0
ISIC_0025527.jpg,5
ISIC_0030653.jpg,5
ISIC_0027034.jpg,5
ISIC_0026026.jpg,5
ISIC_0028173.jpg,1
ISIC_0030845.jpg,5
ISIC_0029981.jpg,5
ISIC_0026111.jpg,5
ISIC_0026785.jpg,5
ISIC_0031534.jpg,5
ISIC_0027378.jpg,5
ISIC_0024852.jpg,5
ISIC_0030573.jpg,5
ISIC_0029487.jpg,5
ISIC_0033432.jpg,5
ISIC_0025507.jpg,2
ISIC_0024379.jpg,5
ISIC_0030939.jpg,5
ISIC_0028579.jpg,4
ISIC_0026094.jpg,5
ISIC_0029439.jpg,6
ISIC_0025276.jpg,5
ISIC_0024785.jpg,5
ISIC_0030054.jpg,5
ISIC_0027029.jpg,5
ISIC_0026217.jpg,5
ISIC_0026654.jpg,5
ISIC_0032148.jpg,5
ISIC_0031642.jpg,5
ISIC_0025697.jpg,5
ISIC_0033513.jpg,5
ISIC_0027537.jpg,5
ISIC_0032915.jpg,4
ISIC_0029059.jpg,1
ISIC_0026937.jpg,5
ISIC_0026760.jpg,1
ISIC_0030294.jpg,5
ISIC_0028149.jpg,5
ISIC_0030873.jpg,5
ISIC_0030701.jpg,5
ISIC_0033046.jpg,5
ISIC_0024491.jpg,5
ISIC_0029333.jpg,5
ISIC_0030746.jpg,1
ISIC_0031979.jpg,5
ISIC_0025860.jpg,5
ISIC_0033804.jpg,5
ISIC_0032604.jpg,4
ISIC_0025721.jpg,5
ISIC_0024606.jpg,5
ISIC_0026174.jpg,2
ISIC_0032947.jpg,0
ISIC_0031313.jpg,5
ISIC_0029861.jpg,5
ISIC_0024636.jpg,5
ISIC_0031322.jpg,5
ISIC_0033289.jpg,5
ISIC_0026635.jpg,5
ISIC_0028734.jpg,5
ISIC_0032040.jpg,2
ISIC_0028139.jpg,5
ISIC_0032847.jpg,4
ISIC_0029035.jpg,2
ISIC_0027763.jpg,5
ISIC_0033199.jpg,2
ISIC_0028580.jpg,5
ISIC_0034117.jpg,4
ISIC_0033339.jpg,5
ISIC_0031408.jpg,4
ISIC_0033082.jpg,1
ISIC_0029426.jpg,5
ISIC_0031387.jpg,5
ISIC_0032282.jpg,5
ISIC_0026479.jpg,5
ISIC_0024620.jpg,5
ISIC_0024483.jpg,5
ISIC_0025698.jpg,5
ISIC_0032015.jpg,5
ISIC_0031893.jpg,2
ISIC_0033913.jpg,2
ISIC_0025843.jpg,5
ISIC_0027768.jpg,5
ISIC_0033730.jpg,4
ISIC_0033064.jpg,5
ISIC_0031960.jpg,5
ISIC_0025926.jpg,5
ISIC_0034129.jpg,5
ISIC_0025766.jpg,5
ISIC_0024514.jpg,4
ISIC_0028054.jpg,5
ISIC_0026254.jpg,2
ISIC_0031564.jpg,5
ISIC_0029961.jpg,5
ISIC_0027405.jpg,5
ISIC_0028784.jpg,5
ISIC_0033880.jpg,5
ISIC_0025362.jpg,2
ISIC_0025111.jpg,5
ISIC_0032286.jpg,5
ISIC_0030771.jpg,5
ISIC_0033396.jpg,5
ISIC_0028776.jpg,5
ISIC_0029844.jpg,5
ISIC_0034097.jpg,5
ISIC_0025047.jpg,5
ISIC_0025479.jpg,5
ISIC_0025576.jpg,1
ISIC_0027098.jpg,2
ISIC_0027227.jpg,5
ISIC_0025975.jpg,1
ISIC_0032841.jpg,5
ISIC_0028751.jpg,5
ISIC_0030207.jpg,2
ISIC_0033097.jpg,5
ISIC_0031126.jpg,5
ISIC_0028267.jpg,5
ISIC_0026658.jpg,5
ISIC_0030679.jpg,5
ISIC_0032758.jpg,5
ISIC_0030968.jpg,5
ISIC_0025581.jpg,5
ISIC_0025415.jpg,5
ISIC_0034229.jpg,5
ISIC_0031884.jpg,5
ISIC_0030612.jpg,5
ISIC_0029417.jpg,2
ISIC_0028161.jpg,5
ISIC_0025513.jpg,1
ISIC_0025813.jpg,5
ISIC_0027446.jpg,5
ISIC_0032906.jpg,1
ISIC_0031513.jpg,1
ISIC_0025010.jpg,5
ISIC_0032522.jpg,4
ISIC_0029722.jpg,5
ISIC_0029442.jpg,5
ISIC_0032095.jpg,4
ISIC_0033836.jpg,5
ISIC_0031037.jpg,2
ISIC_0027189.jpg,1
ISIC_0024595.jpg,1
ISIC_0029817.jpg,5
ISIC_0024751.jpg,5
ISIC_0027896.jpg,0
ISIC_0030707.jpg,5
ISIC_0027008.jpg,5
ISIC_0033428.jpg,4
ISIC_0033787.jpg,6
ISIC_0024694.jpg,5
ISIC_0033961.jpg,5
ISIC_0030663.jpg,5
ISIC_0032637.jpg,4
ISIC_0031257.jpg,3
ISIC_0027926.jpg,5
ISIC_0025682.jpg,5
ISIC_0030438.jpg,5
ISIC_0033932.jpg,5
ISIC_0027715.jpg,5
ISIC_0026827.jpg,2
ISIC_0031783.jpg,2
ISIC_0030458.jpg,5
ISIC_0029992.jpg,5
ISIC_0033107.jpg,4
ISIC_0028595.jpg,5
ISIC_0032034.jpg,5
ISIC_0026441.jpg,2
ISIC_0030309.jpg,5
ISIC_0025555.jpg,5
ISIC_0030955.jpg,5
ISIC_0027490.jpg,5
ISIC_0027582.jpg,4
ISIC_0031820.jpg,5
ISIC_0028125.jpg,5
ISIC_0027978.jpg,5
ISIC_0029728.jpg,1
ISIC_0025916.jpg,5
ISIC_0031914.jpg,5
ISIC_0029387.jpg,5
ISIC_0027885.jpg,5
ISIC_0028574.jpg,5
ISIC_0026271.jpg,5
ISIC_0026205.jpg,2
ISIC_0030916.jpg,5
ISIC_0027865.jpg,1
ISIC_0030253.jpg,5
ISIC_0030059.jpg,5
ISIC_0029778.jpg,2
ISIC_0033779.jpg,4
ISIC_0026525.jpg,0
ISIC_0034136.jpg,5
ISIC_0026740.jpg,5
ISIC_0026267.jpg,5
ISIC_0026323.jpg,5
ISIC_0026777.jpg,5
ISIC_0024525.jpg,2
ISIC_0031785.jpg,5
ISIC_0032431.jpg,5
ISIC_0031871.jpg,5
ISIC_0026439.jpg,5
ISIC_0024683.jpg,4
ISIC_0034150.jpg,4
ISIC_0033989.jpg,5
ISIC_0033607.jpg,5
ISIC_0030406.jpg,5
ISIC_0025825.jpg,0
ISIC_0028358.jpg,5
ISIC_0025310.jpg,5
ISIC_0028593.jpg,2
ISIC_0032626.jpg,4
ISIC_0025145.jpg,4
ISIC_0031911.jpg,5
ISIC_0028807.jpg,3
ISIC_0034307.jpg,4
ISIC_0026408.jpg,5
ISIC_0030960.jpg,5
ISIC_0025488.jpg,5
ISIC_0024466.jpg,5
ISIC_0024409.jpg,2
ISIC_0033144.jpg,5
ISIC_0025873.jpg,5
ISIC_0028881.jpg,5
ISIC_0032258.jpg,5
ISIC_0029295.jpg,5
ISIC_0033604.jpg,5
ISIC_0025937.jpg,2
ISIC_0030789.jpg,2
ISIC_0030485.jpg,5
ISIC_0026840.jpg,5
ISIC_0032470.jpg,5
ISIC_0024339.jpg,5
ISIC_0029007.jpg,5
ISIC_0027091.jpg,5
ISIC_0034006.jpg,4
ISIC_0024656.jpg,5
ISIC_0029727.jpg,5
ISIC_0032703.jpg,5
ISIC_0025072.jpg,5
ISIC_0034315.jpg,5
ISIC_0025626.jpg,5
ISIC_0027674.jpg,5
ISIC_0027339.jpg,5
ISIC_0032516.jpg,5
ISIC_0032106.jpg,5
ISIC_0032966.jpg,5
ISIC_0028809.jpg,5
ISIC_0025776.jpg,5
ISIC_0030038.jpg,5
ISIC_0031314.jpg,0
ISIC_0026794.jpg,2
ISIC_0029606.jpg,4
ISIC_0025675.jpg,5
ISIC_0026446.jpg,5
ISIC_0025455.jpg,5
ISIC_0025858.jpg,5
ISIC_0025031.jpg,1
ISIC_0026022.jpg,5
ISIC_0031285.jpg,5
ISIC_0028075.jpg,0
ISIC_0033422.jpg,3
ISIC_0027724.jpg,5
ISIC_0031774.jpg,5
ISIC_0031700.jpg,2
ISIC_0029858.jpg,5
ISIC_0025778.jpg,4
ISIC_0030179.jpg,5
ISIC_0030595.jpg,5
ISIC_0031788.jpg,5
ISIC_0032539.jpg,5
ISIC_0033830.jpg,5
ISIC_0032568.jpg,5
ISIC_0028920.jpg,2
ISIC_0032096.jpg,5
ISIC_0029320.jpg,2
ISIC_0028928.jpg,1
ISIC_0033755.jpg,5
ISIC_0028302.jpg,5
ISIC_0033781.jpg,5
ISIC_0031011.jpg,5
ISIC_0033633.jpg,4
ISIC_0025524.jpg,4
ISIC_0028989.jpg,1
ISIC_0027587.jpg,5
ISIC_0031982.jpg,5
ISIC_0033696.jpg,4
ISIC_0027373.jpg,5
ISIC_0034114.jpg,5
ISIC_0027100.jpg,2
ISIC_0034253.jpg,4
ISIC_0027231.jpg,4
ISIC_0029002.jpg,1
ISIC_0027642.jpg,5
ISIC_0028865.jpg,5
ISIC_0030402.jpg,5
ISIC_0026563.jpg,5
ISIC_0031832.jpg,4
ISIC_0026968.jpg,0
ISIC_0025750.jpg,5
ISIC_0031761.jpg,2
ISIC_0024424.jpg,5
ISIC_0026471.jpg,3
ISIC_0024900.jpg,1
ISIC_0032168.jpg,2
ISIC_0027849.jpg,5
ISIC_0024791.jpg,5
ISIC_0029827.jpg,1
ISIC_0028454.jpg,5
ISIC_0029194.jpg,5
ISIC_0025155.jpg,2
ISIC_0024627.jpg,5
ISIC_0029318.jpg,4
ISIC_0031012.jpg,0
ISIC_0027672.jpg,6
ISIC_0029699.jpg,5
ISIC_0030775.jpg,5
ISIC_0030912.jpg,5
ISIC_0032957.jpg,5
ISIC_0025780.jpg,0
ISIC_0029682.jpg,5
ISIC_0032853.jpg,5
ISIC_0027585.jpg,5
ISIC_0025342.jpg,5
ISIC_0033695.jpg,3
ISIC_0033156.jpg,2
ISIC_0025029.jpg,2
ISIC_0024634.jpg,1
ISIC_0027357.jpg,5
ISIC_0029852.jpg,5
ISIC_0024406.jpg,5
ISIC_0033326.jpg,5
ISIC_0024995.jpg,5
ISIC_0027062.jpg,2
ISIC_0026819.jpg,5
ISIC_0028499.jpg,2
ISIC_0029671.jpg,5
ISIC_0027463.jpg,2
ISIC_0028074.jpg,5
ISIC_0029280.jpg,5
ISIC_0031528.jpg,2
ISIC_0026515.jpg,5
ISIC_0032597.jpg,4
ISIC_0027660.jpg,5
ISIC_0031629.jpg,5
ISIC_0030064.jpg,6
ISIC_0028901.jpg,5
ISIC_0024350.jpg,5
ISIC_0027119.jpg,5
ISIC_0029524.jpg,1
ISIC_0027301.jpg,5
ISIC_0034144.jpg,5
ISIC_0028823.jpg,5
ISIC_0032266.jpg,5
ISIC_0028061.jpg,5
ISIC_0030476.jpg,5
ISIC_0027820.jpg,2
ISIC_0028060.jpg,5
ISIC_0031696.jpg,5
ISIC_0033011.jpg,5
ISIC_0028004.jpg,5
ISIC_0033559.jpg,4
ISIC_0026573.jpg,5
ISIC_0026325.jpg,5
ISIC_0026260.jpg,5
ISIC_0031269.jpg,5
ISIC_0028323.jpg,0
ISIC_0027841.jpg,5
ISIC_0025889.jpg,5
ISIC_0030727.jpg,5
ISIC_0032085.jpg,5
ISIC_0027419.jpg,2
ISIC_0025191.jpg,5
ISIC_0024936.jpg,5
ISIC_0029501.jpg,1
ISIC_0025175.jpg,5
ISIC_0033087.jpg,5
ISIC_0029556.jpg,5
ISIC_0028971.jpg,5
ISIC_0028048.jpg,5
ISIC_0033460.jpg,2
ISIC_0025938.jpg,5
ISIC_0033508.jpg,5
ISIC_0032572.jpg,5
ISIC_0026224.jpg,5
ISIC_0029111.jpg,5
ISIC_0028625.jpg,2
ISIC_0026765.jpg,1
ISIC_0029209.jpg,5
ISIC_0026465.jpg,5
ISIC_0031417.jpg,5
ISIC_0031975.jpg,2
ISIC_0033574.jpg,5
ISIC_0030020.jpg,5
ISIC_0034176.jpg,5
ISIC_0027484.jpg,5
ISIC_0030561.jpg,5
ISIC_0026194.jpg,0
ISIC_0025903.jpg,5
ISIC_0026344.jpg,5
ISIC_0032557.jpg,6
ISIC_0024857.jpg,5
ISIC_0032658.jpg,5
ISIC_0033561.jpg,5
ISIC_0033891.jpg,3
ISIC_0033511.jpg,5
ISIC_0026779.jpg,5
ISIC_0033517.jpg,5
ISIC_0028906.jpg,5
ISIC_0025575.jpg,2
ISIC_0031169.jpg,1
ISIC_0033023.jpg,4
ISIC_0024727.jpg,5
ISIC_0033496.jpg,4
ISIC_0028913.jpg,2
ISIC_0026929.jpg,5
ISIC_0025050.jpg,5
ISIC_0025650.jpg,1
ISIC_0024964.jpg,5
ISIC_0033843.jpg,4
ISIC_0029151.jpg,5
ISIC_0033509.jpg,2
ISIC_0028097.jpg,5
ISIC_0027690.jpg,5
ISIC_0033726.jpg,5
ISIC_0032331.jpg,4
ISIC_0024680.jpg,5
ISIC_0030737.jpg,0
ISIC_0029243.jpg,2
ISIC_0025393.jpg,5
ISIC_0025864.jpg,5
ISIC_0031861.jpg,5
ISIC_0029420.jpg,2
ISIC_0030173.jpg,2
ISIC_0025770.jpg,5
ISIC_0033651.jpg,4
ISIC_0031277.jpg,2
ISIC_0032138.jpg,3
ISIC_0030397.jpg,5
ISIC_0029217.jpg,2
ISIC_0024604.jpg,5
ISIC_0025293.jpg,5
ISIC_0029934.jpg,5
ISIC_0024892.jpg,5
ISIC_0025643.jpg,5
ISIC_0032137.jpg,5
ISIC_0034310.jpg,2
ISIC_0029675.jpg,5
ISIC_0033374.jpg,5
ISIC_0031857.jpg,5
ISIC_0031448.jpg,5
ISIC_0027356.jpg,5
ISIC_0028966.jpg,5
ISIC_0029423.jpg,5
ISIC_0027658.jpg,5
ISIC_0027321.jpg,5
ISIC_0030191.jpg,0
ISIC_0028057.jpg,4
ISIC_0030076.jpg,0
ISIC_0030034.jpg,5
ISIC_0028590.jpg,5
ISIC_0030213.jpg,5
ISIC_0025330.jpg,2
ISIC_0031573.jpg,5
ISIC_0028816.jpg,0
ISIC_0029624.jpg,5
ISIC_0028490.jpg,2
ISIC_0026797.jpg,5
ISIC_0032111.jpg,5
ISIC_0026098.jpg,5
ISIC_0033552.jpg,5
ISIC_0026197.jpg,5
ISIC_0032062.jpg,5
ISIC_0029516.jpg,5
ISIC_0032511.jpg,4
ISIC_0025150.jpg,5
ISIC_0026427.jpg,5
ISIC_0028650.jpg,2
ISIC_0032306.jpg,0
ISIC_0031395.jpg,5
ISIC_0026687.jpg,1
ISIC_0024948.jpg,0
ISIC_0025157.jpg,2
ISIC_0026274.jpg,5
ISIC_0026761.jpg,5
ISIC_0032721.jpg,5
ISIC_0029534.jpg,5
ISIC_0029069.jpg,5
ISIC_0031162.jpg,5
ISIC_0032964.jpg,5
ISIC_0032998.jpg,5
ISIC_0024844.jpg,5
ISIC_0028117.jpg,4
ISIC_0027731.jpg,5
ISIC_0026803.jpg,2
ISIC_0033111.jpg,5
ISIC_0031678.jpg,5
ISIC_0033674.jpg,4
ISIC_0030571.jpg,5
ISIC_0030621.jpg,5
ISIC_0029554.jpg,5
ISIC_0025392.jpg,2
ISIC_0026963.jpg,4
ISIC_0025473.jpg,5
ISIC_0029133.jpg,4
ISIC_0027341.jpg,5
ISIC_0025994.jpg,5
ISIC_0025478.jpg,5
ISIC_0032530.jpg,5
ISIC_0024321.jpg,5
ISIC_0034072.jpg,1
ISIC_0030646.jpg,5
ISIC_0024803.jpg,5
ISIC_0028336.jpg,2
ISIC_0033592.jpg,2
ISIC_0025591.jpg,5
ISIC_0025068.jpg,0
ISIC_0026857.jpg,0
ISIC_0031941.jpg,4
ISIC_0026542.jpg,5
ISIC_0033816.jpg,5
ISIC_0030197.jpg,1
ISIC_0026861.jpg,2
ISIC_0024883.jpg,5
ISIC_0026016.jpg,2
ISIC_0025752.jpg,4
ISIC_0029504.jpg,5
ISIC_0025025.jpg,5
ISIC_0032546.jpg,4
ISIC_0025002.jpg,5
ISIC_0028754.jpg,5
ISIC_0029088.jpg,5
ISIC_0033981.jpg,4
ISIC_0025557.jpg,1
ISIC_0032239.jpg,5
ISIC_0028218.jpg,4
ISIC_0024687.jpg,5
ISIC_0034112.jpg,5
ISIC_0033309.jpg,5
ISIC_0029635.jpg,5
ISIC_0024657.jpg,5
ISIC_0024953.jpg,5
ISIC_0029657.jpg,5
ISIC_0028164.jpg,5
ISIC_0029683.jpg,5
ISIC_0029555.jpg,2
ISIC_0032123.jpg,5
ISIC_0027099.jpg,5
ISIC_0032408.jpg,4
ISIC_0029212.jpg,4
ISIC_0029037.jpg,5
ISIC_0033263.jpg,5
ISIC_0030834.jpg,5
ISIC_0032267.jpg,5
ISIC_0024317.jpg,5
ISIC_0033331.jpg,5
ISIC_0030613.jpg,5
ISIC_0026927.jpg,0
ISIC_0025618.jpg,5
ISIC_0024528.jpg,5
ISIC_0034183.jpg,5
ISIC_0030419.jpg,5
ISIC_0024360.jpg,1
ISIC_0026707.jpg,5
ISIC_0032276.jpg,5
ISIC_0024825.jpg,2
ISIC_0027289.jpg,5
ISIC_0030074.jpg,5
ISIC_0029173.jpg,5
ISIC_0028268.jpg,5
ISIC_0032273.jpg,5
ISIC_0024699.jpg,5
ISIC_0027452.jpg,5
ISIC_0026135.jpg,2
ISIC_0029840.jpg,0
ISIC_0032139.jpg,1
ISIC_0029105.jpg,5
ISIC_0031047.jpg,5
ISIC_0028978.jpg,1
ISIC_0029486.jpg,5
ISIC_0029842.jpg,5
ISIC_0025118.jpg,5
ISIC_0030683.jpg,2
ISIC_0024990.jpg,5
ISIC_0026288.jpg,5
ISIC_0028523.jpg,5
ISIC_0025945.jpg,5
ISIC_0033038.jpg,4
ISIC_0029413.jpg,2
ISIC_0024364.jpg,5
ISIC_0026798.jpg,1
ISIC_0030866.jpg,5
ISIC_0027150.jpg,2
ISIC_0025333.jpg,5
ISIC_0027971.jpg,5
ISIC_0031340.jpg,5
ISIC_0024778.jpg,5
ISIC_0024834.jpg,5
ISIC_0028728.jpg,3
ISIC_0030780.jpg,5
ISIC_0030549.jpg,1
ISIC_0027462.jpg,4
ISIC_0030882.jpg,6
ISIC_0024497.jpg,5
ISIC_0026804.jpg,5
ISIC_0032011.jpg,5
ISIC_0033202.jpg,5
ISIC_0028242.jpg,5
ISIC_0027824.jpg,5
ISIC_0029768.jpg,5
ISIC_0024977.jpg,5
ISIC_0032936.jpg,4
ISIC_0032396.jpg,4
ISIC_0032105.jpg,5
ISIC_0031044.jpg,0
ISIC_0025229.jpg,5
ISIC_0027850.jpg,2
ISIC_0031953.jpg,5
ISIC_0030250.jpg,5
ISIC_0025037.jpg,5
ISIC_0024971.jpg,2
ISIC_0029078.jpg,5
ISIC_0034311.jpg,5
ISIC_0029552.jpg,5
ISIC_0028128.jpg,2
ISIC_0027762.jpg,5
ISIC_0030638.jpg,5
ISIC_0027965.jpg,5
ISIC_0033029.jpg,4
ISIC_0024565.jpg,5
ISIC_0024570.jpg,5
ISIC_0032835.jpg,4
ISIC_0032353.jpg,5
ISIC_0032588.jpg,5
ISIC_0026945.jpg,5
ISIC_0028280.jpg,5
ISIC_0030698.jpg,5
ISIC_0025718.jpg,1
ISIC_0027959.jpg,5
ISIC_0028405.jpg,5
ISIC_0032403.jpg,5
ISIC_0032737.jpg,2
ISIC_0029621.jpg,5
ISIC_0030820.jpg,5
ISIC_0030037.jpg,5
ISIC_0026520.jpg,5
ISIC_0024841.jpg,5
ISIC_0028362.jpg,5
ISIC_0034060.jpg,5
ISIC_0029052.jpg,3
ISIC_0025255.jpg,5
ISIC_0025009.jpg,5
ISIC_0031234.jpg,5
ISIC_0027377.jpg,5
ISIC_0026617.jpg,5
ISIC_0026256.jpg,5
ISIC_0030127.jpg,5
ISIC_0032346.jpg,5
ISIC_0024675.jpg,5
ISIC_0025505.jpg,5
ISIC_0028096.jpg,5
ISIC_0031342.jpg,5
ISIC_0028283.jpg,1
ISIC_0030439.jpg,5
ISIC_0032130.jpg,5
ISIC_0033751.jpg,5
ISIC_0028608.jpg,2
ISIC_0027283.jpg,5
ISIC_0034213.jpg,5
ISIC_0025317.jpg,1
ISIC_0030616.jpg,4
ISIC_0027089.jpg,5
ISIC_0032971.jpg,5
ISIC_0030682.jpg,5
ISIC_0024792.jpg,5
ISIC_0030368.jpg,5
ISIC_0029561.jpg,5
ISIC_0027353.jpg,5
ISIC_0026447.jpg,5
ISIC_0029539.jpg,1
ISIC_0033143.jpg,5
ISIC_0033266.jpg,5
ISIC_0031905.jpg,5
ISIC_0030187.jpg,5
ISIC_0027281.jpg,1
ISIC_0033794.jpg,2
ISIC_0032648.jpg,5
ISIC_0033085.jpg,5
ISIC_0030240.jpg,2
ISIC_0027903.jpg,1
ISIC_0033610.jpg,5
ISIC_0027149.jpg,4
ISIC_0029939.jpg,5
ISIC_0027602.jpg,5
ISIC_0032379.jpg,5
ISIC_0032745.jpg,6
ISIC_0028033.jpg,4
ISIC_0029342.jpg,1
ISIC_0033362.jpg,5
ISIC_0028397.jpg,5
ISIC_0026096.jpg,5
ISIC_0032417.jpg,5
ISIC_0033024.jpg,1
ISIC_0026236.jpg,5
ISIC_0029599.jpg,5
ISIC_0031026.jpg,1
ISIC_0025686.jpg,5
ISIC_0034098.jpg,5
ISIC_0032192.jpg,4
ISIC_0030850.jpg,5
ISIC_0026066.jpg,5
ISIC_0032397.jpg,4
ISIC_0031168.jpg,2
ISIC_0024991.jpg,5
ISIC_0029345.jpg,2
ISIC_0030749.jpg,5
ISIC_0027454.jpg,2
ISIC_0032629.jpg,5
ISIC_0032455.jpg,0
ISIC_0031130.jpg,2
ISIC_0032063.jpg,2
ISIC_0024547.jpg,2
ISIC_0028839.jpg,5
ISIC_0027710.jpg,2
ISIC_0032922.jpg,4
ISIC_0028471.jpg,5
ISIC_0026922.jpg,5
ISIC_0029580.jpg,2
ISIC_0034154.jpg,5
ISIC_0029322.jpg,5
ISIC_0030742.jpg,5
ISIC_0030932.jpg,4
ISIC_0028124.jpg,2
ISIC_0027115.jpg,5
ISIC_0031757.jpg,5
ISIC_0027751.jpg,5
ISIC_0034116.jpg,5
ISIC_0033245.jpg,4
ISIC_0025129.jpg,5
ISIC_0024711.jpg,4
ISIC_0030014.jpg,4
ISIC_0030338.jpg,5
ISIC_0027875.jpg,5
ISIC_0031988.jpg,5
ISIC_0024773.jpg,2
ISIC_0026444.jpg,2
ISIC_0030557.jpg,5
ISIC_0033761.jpg,5
ISIC_0030578.jpg,5
ISIC_0025601.jpg,1
ISIC_0034196.jpg,6
ISIC_0025043.jpg,5
ISIC_0033807.jpg,4
ISIC_0028252.jpg,5
ISIC_0024540.jpg,5
ISIC_0026029.jpg,5
ISIC_0026223.jpg,5
ISIC_0028701.jpg,2
ISIC_0026129.jpg,5
ISIC_0029972.jpg,5
ISIC_0030147.jpg,5
ISIC_0029030.jpg,5
ISIC_0026974.jpg,5
ISIC_0032118.jpg,5
ISIC_0033383.jpg,5
ISIC_0033299.jpg,4
ISIC_0031217.jpg,6
ISIC_0031298.jpg,1
ISIC_0031204.jpg,5
ISIC_0029118.jpg,5
ISIC_0024323.jpg,4
ISIC_0028440.jpg,5
ISIC_0032774.jpg,4
ISIC_0028071.jpg,5
ISIC_0026759.jpg,5
ISIC_0029368.jpg,5
ISIC_0032384.jpg,1
ISIC_0026247.jpg,5
ISIC_0032444.jpg,5
ISIC_0030888.jpg,5
ISIC_0027360.jpg,5
ISIC_0024772.jpg,2
ISIC_0027337.jpg,2
ISIC_0031919.jpg,5
ISIC_0027223.jpg,5
ISIC_0027914.jpg,5
ISIC_0033771.jpg,5
ISIC_0033468.jpg,4
ISIC_0028010.jpg,5
ISIC_0032472.jpg,5
ISIC_0026741.jpg,5
ISIC_0031477.jpg,5
ISIC_0028051.jpg,4
ISIC_0025728.jpg,5
ISIC_0025159.jpg,5
ISIC_0026338.jpg,5
ISIC_0028760.jpg,5
ISIC_0032184.jpg,5
ISIC_0030321.jpg,5
ISIC_0029377.jpg,5
ISIC_0028116.jpg,5
ISIC_0025661.jpg,2
ISIC_0034224.jpg,5
ISIC_0031768.jpg,5
ISIC_0028909.jpg,5
ISIC_0025138.jpg,5
ISIC_0027383.jpg,5
ISIC_0024786.jpg,2
ISIC_0033792.jpg,5
ISIC_0032558.jpg,5
ISIC_0026294.jpg,5
ISIC_0024603.jpg,5
ISIC_0029056.jpg,5
ISIC_0026637.jpg,5
ISIC_0026156.jpg,0
ISIC_0025688.jpg,5
ISIC_0031992.jpg,5
ISIC_0030989.jpg,5
ISIC_0028162.jpg,5
ISIC_0031890.jpg,4
ISIC_0027555.jpg,5
ISIC_0024587.jpg,5
ISIC_0030268.jpg,4
ISIC_0031533.jpg,5
ISIC_0032480.jpg,5
ISIC_0031384.jpg,1
ISIC_0030904.jpg,5
ISIC_0029814.jpg,5
ISIC_0029747.jpg,3
ISIC_0024542.jpg,5
ISIC_0033157.jpg,5
ISIC_0029491.jpg,4
ISIC_0027489.jpg,5
ISIC_0034258.jpg,5
ISIC_0032889.jpg,5
ISIC_0027822.jpg,4
ISIC_0032587.jpg,5
ISIC_0026393.jpg,6
ISIC_0028324.jpg,5
ISIC_0029644.jpg,1
ISIC_0031714.jpg,5
ISIC_0024368.jpg,5
ISIC_0026264.jpg,5
ISIC_0028413.jpg,5
ISIC_0030766.jpg,5
ISIC_0031261.jpg,2
ISIC_0030229.jpg,5
ISIC_0032225.jpg,0
ISIC_0026703.jpg,5
ISIC_0031453.jpg,5
ISIC_0030214.jpg,5
ISIC_0027547.jpg,5
ISIC_0024425.jpg,5
ISIC_0028850.jpg,5
ISIC_0030934.jpg,5
ISIC_0026604.jpg,0
ISIC_0033949.jpg,2
ISIC_0031160.jpg,5
ISIC_0029183.jpg,5
ISIC_0030825.jpg,5
ISIC_0031996.jpg,6
ISIC_0029301.jpg,5
ISIC_0025114.jpg,5
ISIC_0034052.jpg,4
ISIC_0033040.jpg,5
ISIC_0030788.jpg,5
ISIC_0025702.jpg,5
ISIC_0033867.jpg,5
ISIC_0033530.jpg,5
ISIC_0025869.jpg,5
ISIC_0024366.jpg,5
ISIC_0032536.jpg,1
ISIC_0025671.jpg,5
ISIC_0028987.jpg,5
ISIC_0032687.jpg,4
ISIC_0033482.jpg,2
ISIC_0031873.jpg,5
ISIC_0026834.jpg,5
ISIC_0031947.jpg,5
ISIC_0024580.jpg,5
ISIC_0034205.jpg,5
ISIC_0033542.jpg,5
ISIC_0025957.jpg,0
ISIC_0031171.jpg,5
ISIC_0030963.jpg,5
ISIC_0027085.jpg,5
ISIC_0028629.jpg,5
ISIC_0033298.jpg,5
ISIC_0031769.jpg,5
ISIC_0033605.jpg,5
ISIC_0025749.jpg,5
ISIC_0030859.jpg,5
ISIC_0028170.jpg,5
ISIC_0027241.jpg,5
ISIC_0025295.jpg,1
ISIC_0027208.jpg,5
ISIC_0025192.jpg,5
ISIC_0032363.jpg,5
ISIC_0031393.jpg,5
ISIC_0027610.jpg,5
ISIC_0027950.jpg,0
ISIC_0028029.jpg,4
ISIC_0028003.jpg,5
ISIC_0025397.jpg,5
ISIC_0031351.jpg,1
ISIC_0025321.jpg,6
ISIC_0033802.jpg,5
ISIC_0025674.jpg,4
ISIC_0024311.jpg,5
ISIC_0025179.jpg,5
ISIC_0028477.jpg,5
ISIC_0032908.jpg,5
ISIC_0032868.jpg,5
ISIC_0024626.jpg,2
ISIC_0026418.jpg,5
ISIC_0025195.jpg,2
ISIC_0027232.jpg,5
ISIC_0034281.jpg,5
ISIC_0031722.jpg,5
ISIC_0030524.jpg,5
ISIC_0029756.jpg,5
ISIC_0027588.jpg,2
ISIC_0028855.jpg,5
ISIC_0029130.jpg,2
ISIC_0025751.jpg,5
ISIC_0033115.jpg,5
ISIC_0024681.jpg,5
ISIC_0024869.jpg,4
ISIC_0033293.jpg,5
ISIC_0032051.jpg,2
ISIC_0030979.jpg,5
ISIC_0026796.jpg,4
ISIC_0033276.jpg,5
ISIC_0029316.jpg,4
ISIC_0026831.jpg,1
ISIC_0024502.jpg,5
ISIC_0032896.jpg,5
ISIC_0025723.jpg,5
ISIC_0028031.jpg,5
ISIC_0025640.jpg,5
ISIC_0025892.jpg,5
ISIC_0027262.jpg,5
ISIC_0033226.jpg,5
ISIC_0029348.jpg,5
ISIC_0024710.jpg,1
ISIC_0032438.jpg,5
ISIC_0032079.jpg,4
ISIC_0026583.jpg,5
ISIC_0031290.jpg,5
ISIC_0028291.jpg,5
ISIC_0026868.jpg,4
ISIC_0032047.jpg,5
ISIC_0026727.jpg,5
ISIC_0031435.jpg,5
ISIC_0026084.jpg,4
ISIC_0030025.jpg,5
ISIC_0028442.jpg,4
ISIC_0029468.jpg,5
ISIC_0026954.jpg,5
ISIC_0025977.jpg,5
ISIC_0034084.jpg,5
ISIC_0031137.jpg,5
ISIC_0026451.jpg,2
ISIC_0029795.jpg,5
ISIC_0028232.jpg,0
ISIC_0028460.jpg,4
ISIC_0025110.jpg,5
ISIC_0028497.jpg,2
ISIC_0032924.jpg,5
ISIC_0030334.jpg,4
ISIC_0024494.jpg,4
ISIC_0030055.jpg,5
ISIC_0031608.jpg,5
ISIC_0027665.jpg,6
ISIC_0031385.jpg,5
ISIC_0026701.jpg,5
ISIC_0033985.jpg,4
ISIC_0029782.jpg,5
ISIC_0030051.jpg,5
ISIC_0033630.jpg,4
ISIC_0033626.jpg,3
ISIC_0032877.jpg,2
ISIC_0033862.jpg,5
ISIC_0025668.jpg,3
ISIC_0029696.jpg,5
ISIC_0031878.jpg,5
ISIC_0033061.jpg,4
ISIC_0028225.jpg,4
ISIC_0030106.jpg,4
ISIC_0031943.jpg,1
ISIC_0033953.jpg,4
ISIC_0033772.jpg,4
ISIC_0030801.jpg,0
ISIC_0033878.jpg,2
ISIC_0033897.jpg,5
ISIC_0024395.jpg,5
ISIC_0024334.jpg,5
ISIC_0024436.jpg,1
ISIC_0034159.jpg,4
ISIC_0031639.jpg,4
ISIC_0029456.jpg,5
ISIC_0026595.jpg,5
ISIC_0029013.jpg,5
ISIC_0030313.jpg,6
ISIC_0026942.jpg,2
ISIC_0029306.jpg,5
ISIC_0030288.jpg,5
ISIC_0031666.jpg,4
ISIC_0028011.jpg,5
ISIC_0033601.jpg,2
ISIC_0031870.jpg,5
ISIC_0028063.jpg,0
ISIC_0029265.jpg,4
ISIC_0031455.jpg,5
ISIC_0033646.jpg,2
ISIC_0025235.jpg,5
ISIC_0032368.jpg,5
ISIC_0029566.jpg,5
ISIC_0026566.jpg,2
ISIC_0026467.jpg,6
ISIC_0025868.jpg,5
ISIC_0032477.jpg,5
ISIC_0028541.jpg,5
ISIC_0031565.jpg,5
ISIC_0029969.jpg,5
ISIC_0027641.jpg,5
ISIC_0027733.jpg,5
ISIC_0032788.jpg,5
ISIC_0031222.jpg,5
ISIC_0033473.jpg,4
ISIC_0026490.jpg,6
ISIC_0033449.jpg,2
ISIC_0030332.jpg,5
ISIC_0031831.jpg,2
ISIC_0026191.jpg,5
ISIC_0030541.jpg,5
ISIC_0025536.jpg,5
ISIC_0027250.jpg,5
ISIC_0026549.jpg,0
ISIC_0026252.jpg,5
ISIC_0032819.jpg,5
ISIC_0032425.jpg,2
ISIC_0027963.jpg,4
ISIC_0033464.jpg,5
ISIC_0029048.jpg,2
ISIC_0028842.jpg,2
ISIC_0027347.jpg,5
ISIC_0032696.jpg,1
ISIC_0032665.jpg,5
ISIC_0026970.jpg,1
ISIC_0024763.jpg,0
ISIC_0033972.jpg,2
ISIC_0029391.jpg,1
ISIC_0027210.jpg,6
ISIC_0026557.jpg,5
ISIC_0033033.jpg,5
ISIC_0026693.jpg,6
ISIC_0029082.jpg,1
ISIC_0030886.jpg,5
ISIC_0031363.jpg,5
ISIC_0027054.jpg,5
ISIC_0033268.jpg,4
ISIC_0027080.jpg,5
ISIC_0031465.jpg,2
ISIC_0028155.jpg,1
ISIC_0033729.jpg,5
ISIC_0031867.jpg,5
ISIC_0027729.jpg,5
ISIC_0024400.jpg,4
ISIC_0026330.jpg,5
ISIC_0025194.jpg,5
ISIC_0026686.jpg,5
ISIC_0030004.jpg,5
ISIC_0031957.jpg,5
ISIC_0025074.jpg,5
ISIC_0026160.jpg,5
ISIC_0031717.jpg,5
ISIC_0032517.jpg,4
ISIC_0028700.jpg,5
ISIC_0030429.jpg,1
ISIC_0025407.jpg,5
ISIC_0026275.jpg,2
ISIC_0028130.jpg,5
ISIC_0024655.jpg,5
ISIC_0032259.jpg,5
ISIC_0029589.jpg,5
ISIC_0031859.jpg,5
ISIC_0033175.jpg,5
ISIC_0024327.jpg,5
ISIC_0032044.jpg,4
ISIC_0028408.jpg,5
ISIC_0031215.jpg,5
ISIC_0026106.jpg,5
ISIC_0027077.jpg,5
ISIC_0026534.jpg,5
ISIC_0027995.jpg,5
ISIC_0026157.jpg,5
ISIC_0025787.jpg,5
ISIC_0028390.jpg,5
ISIC_0032413.jpg,5
ISIC_0030783.jpg,5
ISIC_0025602.jpg,5
ISIC_0029891.jpg,1
ISIC_0031191.jpg,1
ISIC_0027807.jpg,5
ISIC_0030225.jpg,5
ISIC_0027635.jpg,5
ISIC_0033817.jpg,6
ISIC_0029145.jpg,1
ISIC_0028269.jpg,5
ISIC_0025845.jpg,5
ISIC_0029150.jpg,5
ISIC_0029577.jpg,5
ISIC_0030086.jpg,5
ISIC_0027196.jpg,5
ISIC_0028933.jpg,5
ISIC_0029234.jpg,5
ISIC_0032527.jpg,5
ISIC_0029688.jpg,5
ISIC_0032295.jpg,5
ISIC_0031677.jpg,4
ISIC_0027129.jpg,5
ISIC_0032141.jpg,5
ISIC_0030892.jpg,2
ISIC_0024730.jpg,4
ISIC_0027925.jpg,5
ISIC_0032934.jpg,2
ISIC_0030981.jpg,5
ISIC_0034236.jpg,5
ISIC_0025570.jpg,5
ISIC_0029903.jpg,5
ISIC_0030781.jpg,5
ISIC_0033768.jpg,5
ISIC_0034184.jpg,5
ISIC_0034247.jpg,5
ISIC_0026762.jpg,5
ISIC_0031763.jpg,5
ISIC_0026370.jpg,5
ISIC_0031173.jpg,5
ISIC_0032862.jpg,1
ISIC_0025214.jpg,5
ISIC_0028788.jpg,5
ISIC_0033560.jpg,4
ISIC_0029324.jpg,5
ISIC_0024848.jpg,1
ISIC_0029558.jpg,4
ISIC_0031556.jpg,2
ISIC_0028659.jpg,0
ISIC_0025087.jpg,5
ISIC_0028612.jpg,5
ISIC_0030847.jpg,5
ISIC_0027004.jpg,1
ISIC_0031377.jpg,5
ISIC_0025403.jpg,5
ISIC_0028698.jpg,5
ISIC_0034153.jpg,2
ISIC_0032683.jpg,4
ISIC_0026608.jpg,5
ISIC_0028184.jpg,5
ISIC_0024775.jpg,5
ISIC_0033360.jpg,5
ISIC_0025439.jpg,2
ISIC_0027899.jpg,5
ISIC_0034303.jpg,2
ISIC_0033344.jpg,4
ISIC_0025879.jpg,2
ISIC_0025819.jpg,2
ISIC_0031016.jpg,2
ISIC_0030719.jpg,5
ISIC_0027574.jpg,5
ISIC_0025881.jpg,5
ISIC_0028889.jpg,5
ISIC_0026391.jpg,4
ISIC_0033421.jpg,5
ISIC_0030779.jpg,5
ISIC_0025917.jpg,5
ISIC_0025681.jpg,2
ISIC_0028421.jpg,5
ISIC_0026278.jpg,5
ISIC_0030161.jpg,5
ISIC_0025446.jpg,5
ISIC_0033010.jpg,5
ISIC_0031205.jpg,5
ISIC_0026690.jpg,2
ISIC_0025679.jpg,5
ISIC_0026332.jpg,5
ISIC_0025139.jpg,5
ISIC_0024515.jpg,4
ISIC_0031939.jpg,5
ISIC_0025857.jpg,5
ISIC_0033265.jpg,5
ISIC_0026340.jpg,5
ISIC_0033016.jpg,4
ISIC_0024939.jpg,5
ISIC_0025067.jpg,5
ISIC_0033153.jpg,5
ISIC_0025906.jpg,5
ISIC_0030829.jpg,5
ISIC_0028193.jpg,5
ISIC_0032033.jpg,5
ISIC_0030067.jpg,5
ISIC_0030247.jpg,5
ISIC_0025693.jpg,2
ISIC_0030974.jpg,5
ISIC_0033874.jpg,4
ISIC_0032892.jpg,4
ISIC_0027105.jpg,5
ISIC_0032418.jpg,5
ISIC_0026333.jpg,5
ISIC_0032893.jpg,5
ISIC_0025485.jpg,2
ISIC_0025579.jpg,5
ISIC_0032269.jpg,0
ISIC_0031926.jpg,5
ISIC_0033618.jpg,4
ISIC_0028137.jpg,5
ISIC_0030945.jpg,0
ISIC_0033853.jpg,2
ISIC_0030445.jpg,4
ISIC_0024824.jpg,5
ISIC_0032421.jpg,4
ISIC_0029927.jpg,2
ISIC_0024705.jpg,2
ISIC_0026242.jpg,5
ISIC_0032382.jpg,2
ISIC_0032002.jpg,5
ISIC_0032514.jpg,2
ISIC_0033330.jpg,5
ISIC_0031088.jpg,5
ISIC_0033306.jpg,2
ISIC_0026358.jpg,5
ISIC_0024617.jpg,5
ISIC_0032261.jpg,5
ISIC_0030508.jpg,5
ISIC_0034038.jpg,5
ISIC_0030404.jpg,5
ISIC_0029227.jpg,5
ISIC_0028806.jpg,5
ISIC_0031756.jpg,4
ISIC_0034241.jpg,5
ISIC_0028445.jpg,5
ISIC_0027586.jpg,5
ISIC_0024978.jpg,5
ISIC_0028183.jpg,5
ISIC_0033065.jpg,5
ISIC_0026830.jpg,5
ISIC_0033743.jpg,5
ISIC_0032762.jpg,5
ISIC_0028722.jpg,5
ISIC_0026125.jpg,5
ISIC_0034101.jpg,4
ISIC_0030849.jpg,2
ISIC_0030065.jpg,5
ISIC_0028247.jpg,5
ISIC_0029142.jpg,5
ISIC_0029208.jpg,5
ISIC_0034016.jpg,5
ISIC_0026643.jpg,1
ISIC_0026304.jpg,5
ISIC_0029977.jpg,5
ISIC_0029605.jpg,5
ISIC_0031324.jpg,5
ISIC_0031039.jpg,5
ISIC_0033765.jpg,5
ISIC_0029238.jpg,4
ISIC_0025426.jpg,5
ISIC_0025103.jpg,2
ISIC_0032681.jpg,2
ISIC_0028577.jpg,1
ISIC_0033441.jpg,5
ISIC_0029819.jpg,4
ISIC_0027259.jpg,5
ISIC_0030833.jpg,2
ISIC_0027142.jpg,5
ISIC_0025329.jpg,5
ISIC_0027791.jpg,5
ISIC_0032810.jpg,4
ISIC_0026744.jpg,5
ISIC_0025053.jpg,5
ISIC_0027519.jpg,5
ISIC_0033569.jpg,4
ISIC_0028712.jpg,5
ISIC_0025170.jpg,5
ISIC_0025496.jpg,5
ISIC_0029874.jpg,5
ISIC_0028653.jpg,2
ISIC_0028134.jpg,5
ISIC_0025531.jpg,2
ISIC_0029369.jpg,5
ISIC_0032340.jpg,5
ISIC_0032792.jpg,5
ISIC_0032402.jpg,5
ISIC_0031190.jpg,5
ISIC_0033612.jpg,5
ISIC_0028853.jpg,5
ISIC_0032439.jpg,1
ISIC_0029090.jpg,5
ISIC_0029325.jpg,5
ISIC_0025040.jpg,5
ISIC_0032263.jpg,5
ISIC_0029278.jpg,0
ISIC_0029012.jpg,2
ISIC_0027732.jpg,5
ISIC_0024912.jpg,5
ISIC_0032164.jpg,1
ISIC_0025890.jpg,5
ISIC_0029571.jpg,5
ISIC_0027453.jpg,5
ISIC_0024877.jpg,2
ISIC_0033498.jpg,5
ISIC_0030460.jpg,5
ISIC_0025512.jpg,4
ISIC_0032398.jpg,5
ISIC_0025677.jpg,6
ISIC_0025188.jpg,2
ISIC_0032798.jpg,5
ISIC_0026997.jpg,5
ISIC_0025966.jpg,5
ISIC_0030040.jpg,5
ISIC_0029709.jpg,5
ISIC_0026300.jpg,5
ISIC_0025032.jpg,2
ISIC_0025127.jpg,4
ISIC_0027157.jpg,5
ISIC_0025992.jpg,0
ISIC_0032540.jpg,5
ISIC_0028813.jpg,5
ISIC_0030408.jpg,4
ISIC_0029811.jpg,0
ISIC_0028131.jpg,5
ISIC_0029631.jpg,5
ISIC_0031934.jpg,5
ISIC_0028983.jpg,5
ISIC_0033762.jpg,0
ISIC_0032084.jpg,5
ISIC_0030839.jpg,2
ISIC_0032224.jpg,5
ISIC_0029076.jpg,5
ISIC_0028715.jpg,5
ISIC_0028507.jpg,5
ISIC_0031649.jpg,2
ISIC_0025511.jpg,5
ISIC_0031511.jpg,2
ISIC_0024381.jpg,2
ISIC_0025608.jpg,5
ISIC_0029677.jpg,5
ISIC_0031458.jpg,5
ISIC_0033658.jpg,5
ISIC_0030620.jpg,5
ISIC_0031986.jpg,0
ISIC_0025586.jpg,5
ISIC_0028461.jpg,5
ISIC_0029835.jpg,5
ISIC_0030721.jpg,1
ISIC_0034179.jpg,5
ISIC_0024924.jpg,5
ISIC_0033551.jpg,1
ISIC_0031064.jpg,5
ISIC_0028600.jpg,5
ISIC_0024625.jpg,5
ISIC_0033738.jpg,4
ISIC_0033544.jpg,5
ISIC_0027088.jpg,5
ISIC_0029619.jpg,5
ISIC_0026375.jpg,5
ISIC_0025930.jpg,5
ISIC_0026558.jpg,5
ISIC_0025760.jpg,5
ISIC_0025378.jpg,2
ISIC_0032838.jpg,5
ISIC_0024629.jpg,5
ISIC_0030768.jpg,5
ISIC_0032288.jpg,5
ISIC_0025948.jpg,5
ISIC_0027066.jpg,5
ISIC_0031626.jpg,5
ISIC_0027700.jpg,5
ISIC_0025039.jpg,5
ISIC_0031915.jpg,2
ISIC_0027478.jpg,1
ISIC_0027068.jpg,2
ISIC_0030418.jpg,5
ISIC_0028429.jpg,5
ISIC_0032808.jpg,1
ISIC_0028925.jpg,5
ISIC_0032067.jpg,5
ISIC_0032709.jpg,4
ISIC_0030249.jpg,0
ISIC_0028846.jpg,2
ISIC_0033461.jpg,5
ISIC_0029643.jpg,5
ISIC_0027471.jpg,5
ISIC_0029897.jpg,2
ISIC_0032720.jpg,5
ISIC_0030085.jpg,5
ISIC_0026269.jpg,5
ISIC_0032895.jpg,5
ISIC_0029595.jpg,5
ISIC_0026993.jpg,4
ISIC_0028176.jpg,5
ISIC_0029950.jpg,5
ISIC_0032801.jpg,5
ISIC_0032820.jpg,4
ISIC_0026380.jpg,5
ISIC_0028192.jpg,5
ISIC_0024506.jpg,5
ISIC_0024962.jpg,5
ISIC_0026316.jpg,2
ISIC_0027461.jpg,5
ISIC_0031969.jpg,5
ISIC_0032592.jpg,4
ISIC_0031688.jpg,5
ISIC_0033132.jpg,5
ISIC_0031418.jpg,5
ISIC_0024583.jpg,5
ISIC_0025441.jpg,5
ISIC_0033824.jpg,5
ISIC_0026132.jpg,0
ISIC_0027561.jpg,2
ISIC_0026161.jpg,5
ISIC_0031292.jpg,0
ISIC_0033407.jpg,5
ISIC_0031663.jpg,5
ISIC_0027592.jpg,5
ISIC_0025260.jpg,1
ISIC_0026301.jpg,5
ISIC_0028552.jpg,5
ISIC_0027435.jpg,2
ISIC_0025253.jpg,5
ISIC_0034286.jpg,5
ISIC_0033147.jpg,5
ISIC_0027261.jpg,2
ISIC_0026150.jpg,4
ISIC_0033477.jpg,4
ISIC_0031806.jpg,1
ISIC_0032974.jpg,5
ISIC_0027025.jpg,2
ISIC_0033443.jpg,5
ISIC_0028119.jpg,5
ISIC_0032506.jpg,5
ISIC_0029674.jpg,5
ISIC_0027620.jpg,5
ISIC_0032407.jpg,5
ISIC_0032080.jpg,5
ISIC_0027425.jpg,1
ISIC_0025474.jpg,5
ISIC_0032292.jpg,5
ISIC_0025954.jpg,5
ISIC_0032351.jpg,5
ISIC_0034105.jpg,5
ISIC_0032521.jpg,5
ISIC_0026619.jpg,5
ISIC_0034163.jpg,5
ISIC_0029055.jpg,5
ISIC_0032634.jpg,5
ISIC_0026261.jpg,5
ISIC_0027345.jpg,5
ISIC_0024744.jpg,5
ISIC_0033238.jpg,4
ISIC_0027786.jpg,1
ISIC_0029231.jpg,2
ISIC_0025481.jpg,5
ISIC_0031092.jpg,5
ISIC_0030596.jpg,5
ISIC_0031729.jpg,5
ISIC_0031415.jpg,5
ISIC_0030469.jpg,5
ISIC_0032873.jpg,4
ISIC_0030178.jpg,5
ISIC_0024623.jpg,2
ISIC_0027757.jpg,5
ISIC_0030140.jpg,5
ISIC_0032335.jpg,2
ISIC_0030913.jpg,5
ISIC_0030484.jpg,5
ISIC_0024679.jpg,4
ISIC_0025402.jpg,2
ISIC_0029499.jpg,5
ISIC_0030125.jpg,5
ISIC_0031113.jpg,5
ISIC_0026903.jpg,5
ISIC_0031341.jpg,5
ISIC_0025852.jpg,5
ISIC_0024535.jpg,5
ISIC_0033573.jpg,4
ISIC_0027420.jpg,5
ISIC_0024563.jpg,5
ISIC_0033345.jpg,5
ISIC_0031483.jpg,5
ISIC_0026216.jpg,5
ISIC_0031438.jpg,5
ISIC_0028233.jpg,5
ISIC_0031841.jpg,5
ISIC_0032327.jpg,2
ISIC_0024590.jpg,1
ISIC_0026999.jpg,5
ISIC_0031152.jpg,5
ISIC_0032625.jpg,5
ISIC_0028567.jpg,5
ISIC_0026665.jpg,5
ISIC_0029881.jpg,5
ISIC_0027441.jpg,5
ISIC_0025442.jpg,5
ISIC_0030590.jpg,5
ISIC_0025209.jpg,0
ISIC_0029457.jpg,5
ISIC_0026919.jpg,5
ISIC_0027892.jpg,5
ISIC_0033451.jpg,4
ISIC_0032531.jpg,4
ISIC_0028785.jpg,5
ISIC_0027130.jpg,4
ISIC_0027368.jpg,5
ISIC_0031050.jpg,2
ISIC_0031531.jpg,3
ISIC_0030659.jpg,1
ISIC_0026719.jpg,5
ISIC_0029075.jpg,5
ISIC_0033628.jpg,5
ISIC_0028824.jpg,5
ISIC_0030984.jpg,5
ISIC_0027264.jpg,5
ISIC_0033013.jpg,5
ISIC_0024639.jpg,5
ISIC_0034146.jpg,5
ISIC_0030669.jpg,5
ISIC_0034240.jpg,5
ISIC_0027449.jpg,5
ISIC_0031142.jpg,2
ISIC_0024399.jpg,5
ISIC_0032457.jpg,5
ISIC_0031662.jpg,5
ISIC_0030262.jpg,5
ISIC_0025571.jpg,5
ISIC_0029836.jpg,2
ISIC_0033116.jpg,5
ISIC_0033196.jpg,5
ISIC_0027901.jpg,5
ISIC_0028527.jpg,2
ISIC_0031864.jpg,5
ISIC_0032785.jpg,5
ISIC_0029400.jpg,5
ISIC_0030840.jpg,4
ISIC_0034251.jpg,5
ISIC_0025319.jpg,0
ISIC_0029308.jpg,2
ISIC_0027160.jpg,5
ISIC_0026237.jpg,5
ISIC_0027133.jpg,5
ISIC_0033467.jpg,5
ISIC_0024858.jpg,5
ISIC_0031299.jpg,5
ISIC_0027509.jpg,2
ISIC_0025247.jpg,1
ISIC_0025065.jpg,5
ISIC_0024833.jpg,1
ISIC_0030008.jpg,5
ISIC_0027843.jpg,5
ISIC_0029068.jpg,1
ISIC_0033282.jpg,5
ISIC_0032122.jpg,5
ISIC_0028190.jpg,0
ISIC_0028123.jpg,2
ISIC_0025970.jpg,5
ISIC_0025468.jpg,5
ISIC_0028622.jpg,2
ISIC_0028730.jpg,5
ISIC_0025464.jpg,5
ISIC_0025215.jpg,5
ISIC_0025201.jpg,5
ISIC_0025049.jpg,5
ISIC_0024347.jpg,5
ISIC_0024864.jpg,5
ISIC_0031821.jpg,5
ISIC_0025814.jpg,4
ISIC_0027656.jpg,5
ISIC_0029289.jpg,5
ISIC_0030310.jpg,2
ISIC_0025644.jpg,1
ISIC_0033670.jpg,4
ISIC_0033823.jpg,5
ISIC_0032032.jpg,5
ISIC_0033472.jpg,5
ISIC_0032942.jpg,5
ISIC_0026853.jpg,4
ISIC_0029332.jpg,5
ISIC_0033216.jpg,5
ISIC_0025528.jpg,5
ISIC_0026973.jpg,5
ISIC_0026014.jpg,2
ISIC_0032073.jpg,5
ISIC_0029638.jpg,0
ISIC_0029455.jpg,2
ISIC_0025241.jpg,5
ISIC_0032364.jpg,5
ISIC_0026238.jpg,5
ISIC_0034160.jpg,1
ISIC_0030473.jpg,5
ISIC_0033058.jpg,5
ISIC_0024307.jpg,5
ISIC_0032549.jpg,5
ISIC_0027443.jpg,5
ISIC_0026742.jpg,5
ISIC_0025098.jpg,5
ISIC_0033055.jpg,5
ISIC_0029246.jpg,5
ISIC_0024682.jpg,5
ISIC_0025838.jpg,2
ISIC_0026763.jpg,5
ISIC_0032025.jpg,5
ISIC_0030360.jpg,2
ISIC_0028942.jpg,5
ISIC_0027282.jpg,5
ISIC_0028136.jpg,5
ISIC_0026276.jpg,2
ISIC_0034100.jpg,4
ISIC_0032289.jpg,5
ISIC_0033528.jpg,2
ISIC_0026265.jpg,2
ISIC_0029176.jpg,1
ISIC_0024821.jpg,5
ISIC_0030204.jpg,2
ISIC_0033579.jpg,1
ISIC_0029381.jpg,5
ISIC_0024419.jpg,5
ISIC_0029707.jpg,5
ISIC_0030617.jpg,5
ISIC_0033209.jpg,4
ISIC_0032616.jpg,5
ISIC_0030162.jpg,5
ISIC_0034123.jpg,1
ISIC_0034305.jpg,5
ISIC_0027276.jpg,5
ISIC_0028894.jpg,4
ISIC_0030844.jpg,0
ISIC_0033942.jpg,4
ISIC_0031280.jpg,5
ISIC_0026639.jpg,5
ISIC_0027431.jpg,5
ISIC_0032256.jpg,5
ISIC_0025689.jpg,5
ISIC_0027956.jpg,4
ISIC_0026705.jpg,5
ISIC_0027388.jpg,0
ISIC_0030626.jpg,5
ISIC_0033736.jpg,4
ISIC_0028208.jpg,5
ISIC_0025621.jpg,5
ISIC_0033925.jpg,4
ISIC_0033230.jpg,5
ISIC_0026676.jpg,5
ISIC_0030163.jpg,5
ISIC_0030447.jpg,5
ISIC_0026893.jpg,0
ISIC_0025883.jpg,5
ISIC_0026871.jpg,0
ISIC_0031445.jpg,5
ISIC_0026602.jpg,5
ISIC_0032802.jpg,5
ISIC_0027151.jpg,5
ISIC_0025146.jpg,5
ISIC_0029446.jpg,5
ISIC_0031098.jpg,5
ISIC_0026112.jpg,5
ISIC_0026357.jpg,5
ISIC_0026991.jpg,5
ISIC_0027810.jpg,5
ISIC_0032114.jpg,3
ISIC_0025878.jpg,5
ISIC_0028775.jpg,5
ISIC_0034181.jpg,5
ISIC_0031762.jpg,1
ISIC_0032491.jpg,5
ISIC_0031868.jpg,5
ISIC_0025784.jpg,5
ISIC_0031022.jpg,5
ISIC_0026083.jpg,2
ISIC_0026419.jpg,5
ISIC_0028833.jpg,5
ISIC_0034019.jpg,5
ISIC_0032931.jpg,5
ISIC_0027300.jpg,4
ISIC_0025400.jpg,5
ISIC_0031927.jpg,0
ISIC_0028127.jpg,4
ISIC_0027897.jpg,5
ISIC_0033328.jpg,5
ISIC_0025910.jpg,5
ISIC_0033034.jpg,4
ISIC_0024330.jpg,3
ISIC_0030448.jpg,5
ISIC_0028863.jpg,5
ISIC_0034094.jpg,4
ISIC_0024790.jpg,5
ISIC_0033636.jpg,4
ISIC_0029793.jpg,5
ISIC_0027991.jpg,4
ISIC_0026365.jpg,2
ISIC_0024359.jpg,5
ISIC_0029260.jpg,2
ISIC_0027222.jpg,5
ISIC_0026342.jpg,5
ISIC_0027617.jpg,5
ISIC_0031275.jpg,5
ISIC_0029872.jpg,5
ISIC_0027606.jpg,2
ISIC_0029917.jpg,1
ISIC_0026708.jpg,5
ISIC_0025449.jpg,5
ISIC_0028066.jpg,5
ISIC_0028634.jpg,5
ISIC_0029271.jpg,2
ISIC_0029796.jpg,5
ISIC_0028403.jpg,5
ISIC_0030906.jpg,5
ISIC_0031524.jpg,5
ISIC_0025567.jpg,5
ISIC_0028105.jpg,5
ISIC_0032169.jpg,5
ISIC_0031586.jpg,4
ISIC_0030607.jpg,2
ISIC_0026307.jpg,5
ISIC_0024941.jpg,5
ISIC_0033220.jpg,5
ISIC_0024496.jpg,5
ISIC_0031174.jpg,5
ISIC_0028463.jpg,5
ISIC_0030547.jpg,5
ISIC_0032993.jpg,4
ISIC_0026234.jpg,5
ISIC_0025568.jpg,5
ISIC_0033973.jpg,2
ISIC_0030841.jpg,5
ISIC_0029734.jpg,5
ISIC_0025597.jpg,5
ISIC_0034077.jpg,5
ISIC_0031338.jpg,5
ISIC_0027880.jpg,5
ISIC_0025514.jpg,5
ISIC_0029135.jpg,2
ISIC_0031510.jpg,5
ISIC_0032452.jpg,5
ISIC_0027911.jpg,5
ISIC_0026606.jpg,2
ISIC_0025867.jpg,2
ISIC_0033304.jpg,4
ISIC_0027245.jpg,5
ISIC_0028285.jpg,2
ISIC_0024550.jpg,1
ISIC_0029815.jpg,5
ISIC_0026057.jpg,5
ISIC_0028699.jpg,5
ISIC_0027234.jpg,2
ISIC_0027102.jpg,4
ISIC_0034282.jpg,5
ISIC_0031512.jpg,5
ISIC_0033445.jpg,5
ISIC_0025995.jpg,5
ISIC_0030006.jpg,5
ISIC_0027755.jpg,5
ISIC_0033970.jpg,5
ISIC_0030107.jpg,5
ISIC_0031149.jpg,5
ISIC_0032851.jpg,5
ISIC_0030351.jpg,5
ISIC_0032454.jpg,5
ISIC_0031716.jpg,2
